5859449277210554080, Volkswagen, Germany, 44477737333
7750779677062679984, Volkswagen, Germany, 44477737333
6076054033169604309, Volkswagen, Germany, 44477737333
69415455253798593, Volkswagen, Germany, 44477737333
5838033923787917541, Volkswagen, Germany, 44477737333
6939835882642464039, Volkswagen, Germany, 44477737333
0, Ivan Production, Ukraine, 444453529002
1, Ivan Production, Ukraine, 444453529002
3, Milic Production, Poland, 444453529002
8242638950474072785, Volkswagen, Germany, 44477737333
6062821393687512034, Volkswagen, Germany, 44477737333
7438717368243275241, Volkswagen, Germany, 44477737333
4943634017516898451, Volkswagen, Germany, 44477737333
580068854083866463, Volkswagen, Germany, 44477737333
5549691854045467220, Volkswagen, Germany, 44477737333
3360935047024540360, Volkswagen, Germany, 44477737333
1787770632681426331, Volkswagen, Germany, 44477737333
5, Volkswagen, Germany, 44477737333